id,name,surname,original_name,synonyms,orcid,url,birth_year,death_year,remarks
0,Jostein Aasen,Aasen,,,,,,,
2,Jakob Abermann,Abermann,,,0000-0003-1285-1868,,,,
1586,Andrey Andreevich Abramov,Abramov,Андрей Андреевич Абрамов,Andrey Abramov,0000-0002-3602-1159,http://www.igras.ru/staff/3828,,,
3,C. Acuna,Acuna,,,,,,,
4,Indriði Aðalsteinsson,Aðalsteinsson,,,,,,,
6,Artur Adamek,Adamek,,,,,,,
7,Antoni Adamowski,Adamowski,,,,,,,
9,M. Aellen,Aellen,,,,,,,
1569,Ulrich Aerne,Aerne,,,,,,,
10,Debora Affer,Affer,,,,,,,
11,Ageta Yutaka,Ageta,上田 豊,,,https://nrid.nii.ac.jp/ja/nrid/1000080091164/,,,
12,Hans W. Ahlmann,Ahlmann,,,,,,,
13,Andreas Peter Ahlstrøm,Ahlstrøm,,,0000-0001-8235-8070,,,,
15,Helmut Aigelsreiter,Aigelsreiter,,,,,,,
16,Abdrakhman Ajikeev,Ajikeev,Абдрахман Ажикеев,Abdrahman Ajikeev | Abdyrahman Ajykeev,,,,,
17,Alberto Albertelli,Albertelli,,,,,,,
18,Andrea Alberti,Alberti,,,,,,,
19,Giuseppe Alberti,Alberti,,,,,,,
20,Silvio Alberti,Alberti,,,,,,,
21,Simona Alberti,Alberti,,,,,,,
22,Paolo Alberto,Alberto,,,,,,,
23,Walter Alberto,Alberto,,,,,,,
24,Jürg Alean,Alean,,,,,,,
1601,Mattia Alessi,Alessi,,,,,,,
26,Alexander A. Aleynikov,Aleynikov,,Alexander Aleynikov,,,,,
27,Eli Alfnes,Alfnes,,,,,,,
29,Andrea Almasio,Almasio,,,,,,,
1591,Andrea Amormino,Amormino,,,,,,,
31,Manuel Ancízar,Ancízar,,,,https://en.wikipedia.org/wiki/Manuel_Anc%C3%ADzar,1812,1882,
33,Urs Andenmatten,Andenmatten,,,,,,,
34,M. L. Andersen,Andersen,,,,,,,
35,Brian Anderson,Anderson,,,,,,,
36,Liss Marie Andreassen,Andreassen,,Liss M. Andreassen,,https://www.nve.no/vann-og-vassdrag/vannets-kretsloep/vaare-forskere/liss-marie-andreassen/,,,
37,Thupstan Angchuk,Angchuk,,,0000-0003-2129-8216,,,,
1593,Anna Angelino,Angelino,,,,,,,
38,Hans Angerer,Angerer,,,,,,,
40,Beat Annen,Annen,,,,,,,
41,Osvaldo Antonietti,Antonietti,,,,,,,
42,Luca Antonini,Antonini,,,,,,,
43,Anthony Arendt,Arendt,,,0000-0003-0429-6905,,,,
44,Miguel Arenillas,Arenillas,,,,,,,
45,Benito Arervo,Arervo,,,,,,,
47,Ernesto Armando,Armando,,,,,,,
48,Francesco Armiento,Armiento,,,,,,,
1559,Ingimar Árnason,Árnason,,,,,,,
50,Yves Arnaud,Arnaud,,,0000-0003-0344-4347,,,,
51,Anton Arnold,Arnold,,,,,,,
52,Luca Arzuffi,Arzuffi,,,,,,,
53,Peter Aschilier,Aschilier,,,,,,,
54,Kristen Åsen,Åsen,,,,,,,
55,Sigbjørn Åsen,Åsen,,,,,,,
56,Benito Aservo,Aservo,,,,,,,
57,Páll Ásgeir Ásgeirsson,Ásgeirsson,,,,,,,
58,Alain Assier,Assier,,,,,,,
59,G. Atterås,Atterås,,,,,,,
60,Ingeborg Auer,Auer,,,,,,,
61,Ines Aust,Aust,,,,,,,
1534,Álvaro Ayala,Ayala,,,,,,,
62,Mohd. Farooq Azam,Azam,,,,,,,
1613,Abdykhman Azhikeev,Azhikeev,,,,,,,
63,Erlan Azisovich Azisov,Azisov,Эрлан Азисович Азисов,Erlan Azisov,,https://www.caiag.kg/ky/b-l-md-r/2-b-l-m-klimat-suu-zhana-zharatylysh-resurstary-b-l-m/kyzmatkerler/364-erlan,,,
64,Roberto Sergio Azzoni,Azzoni,,,0000-0002-5931-486X,,,,
66,Matthew Bachmann,Bachmann,,,,,,,
68,Rasul-Akhun Baikhadzhaev,Baikhadzhaev,,,,,,,
1443,Birendra Bajracharya,Bajracharya,,,0000-0002-9272-2152,,,,
1532,Emily Baker,Baker,,,0000-0002-0938-3496,https://www.usgs.gov/staff-profiles/emily-baker,,,
70,Dag Inge Bakke,Bakke,,,,,,,
1585,Jostein Bakke,Bakke,,,,,,,
73,Jacqueline Bannwart,Bannwart,,Jacqueline Huber,,,,,Changed surname from Huber to Bannwart after marriage
1472,Ezio Baraldo,Baraldo,,,,,,,
74,Christian Barandun,Barandun,,,,,,,
75,Martina Barandun,Barandun,,,0000-0003-1820-7600,,,,
76,Andrea Barbolla,Barbolla,,,,,,,
77,Gonzalo Barcaza,Barcaza,,,,,,,
78,Emma Barfod,Barfod,,,,,,,
1471,Andrea Barilli,Barilli,,,,,,,
79,Giuseppe Barison,Barison,,,,,,,
80,Marcel Barmaz,Barmaz,,,,,,,
1501,Jamie Barnett,Barnett,,,0000-0002-8982-0034,,,,
82,Nicholas Barrand,Barrand,,,0000-0003-4428-1863,,,,
83,Andrea Barrueto,Barrueto,,,,,,,
85,Hassan Basagic,Basagic,,,,,,,
88,Paolo Battaglia,Battaglia,,,,,,,
89,Andreas Bauder,Bauder,,,0000-0001-7197-7706,,,,
90,Carlo Bazhev,Bazhev,,,,,,,
91,Thomas Bearth,Bearth,,,,,,,
92,Matthew Beedle,Beedle,,,,,,,
1564,Annabarbara Beilstein,Beilstein,,,,,,,
93,Joaquín M. C. Belart,Belart,,,0000-0002-0853-8935,,,,
94,Sultanbek Belekov,Belekov,,,,,,,
95,Sergio Bellagamba,Bellagamba,,,0000-0002-4295-0704,,,,
96,Dario Bellingeri,Bellingeri,,,,,,,
1505,Ignaz Bellwald,Bellwald,,,,,,,
97,Giovanni Benetton,Benetton,,,,,,,
98,Stefano Benetton,Benetton,,,,,,,
100,Andreina Bera,Bera,,,,,,,
101,Flavio Berbenni,Berbenni,,,,,,,
102,Gilbert Berchier,Berchier,,,,,,,
103,Halvard Berg,Berg,,,,,,,
104,Ole Berge,Berge,,,,,,,
105,Jorge Berkhoff,Berkhoff,,,,,,,
106,Éric Bernard,Bernard,,,,,,,
108,Etienne Berthier,Berthier,,,0000-0001-5978-9155,,,,
109,Ivan Bertinotti,Bertinotti,,,,,,,
110,Valerio Bertoglio,Bertoglio,,,,,,,
111,Stefano Bertoldi,Bertoldi,,,,,,,
1615,Giulia Bertolotti,Bertolotti,,,,,,,
1426,Elena Bertoni,Bertoni,,,,,,,
1464,Elisa Bertoni,Bertoni,,,,,,,
112,Gianluca Bertoni,Bertoni,,,,,,,
113,Stefania Bertotto,Bertotto,,,,,,,
114,Stéphanie Béthaz,Béthaz,,,,,,,
115,Marco Bettio,Bettio,,,,,,,
116,Simone Bettola,Bettola,,,,,,,
117,Manuele Bettoni,Bettoni,,,,,,,
1506,A. Bezinge,Bezinge,,,,,,,
118,Roberto Bezzi,Bezzi,,,,,,,
119,William R. Bidlake,Bidlake,,,,,,,
120,Claudia Bieler,Bieler,,,,,,,
121,Daniel Binder,Binder,,,0000-0002-9939-688X,,,,
123,Jacques Binggeli,Binggeli,,,,,,,
125,Mario Bizel,Bizel,,,,,,,
126,A. Bjoerk,Bjoerk,,,,,,,
127,Anders Bjørkahaug,Bjørkahaug,,Anders Bjørkehaug,,,,,
129,Flosi Björnsson,Björnsson,,,,,,,
128,Helgi Björnsson,Björnsson,,,0000-0001-5362-1474,,,,
132,Malgorzata Blaszczyk,Blaszczyk,,,,,,,
134,Martin Blum,Blum,,,,,,,
135,Ad Blümcke,Blümcke,,,,,,,
1432,Paolo Boccabella,Boccabella,,,,,,,
136,J. Bodart,Bodart,,,,,,,
139,Reinhard Böhm,Böhm,,,,,,,
140,Tobias Bolch,Bolch,,,0000-0002-8201-5059,,,,
141,Alessia Bolis,Bolis,,,,,,,
1533,Katherine Bollen,Bollen,,Kate Bollen,,,,,
142,Luca Bolognini,Bolognini,,,,,,,
144,Barbara Bonantoni,Bonantoni,,,,,,,
145,Luca Bonardi,Bonardi,,,,,,,
1595,Claudia Bonazza,Bonazza,,,,,,,
146,Luigi Bonetti,Bonetti,,,,,,,
147,Mylène Bonnefoy,Bonnefoy,,,,,,,
148,Aldo Borghi,Borghi,,,,,,,
149,Zbigniew Borkowski,Borkowski,,,,,,,
150,Stefano Borney,Borney,,,,,,,
151,Piero Borre,Borre,,,,,,,
152,H. Bösch,Bösch,,,,,,,
153,Gianna Bosio,Bosio,,,,,,,
155,Thierry Bossard,Bossard,,,,,,,
156,Giachem Bott,Bott,,,,,,,
157,Frédéric Bourban,Bourban,,,,,,,
158,Olivier Bourdin,Bourdin,,,,,,,
159,M. Bouvier,Bouvier,,,,,,,
160,Jade Bowling,Bowling,,,0000-0002-9476-4815,,,,
1401,Terje Bøyum,Bøyum,,,,,,,
161,Giovanni Bracotto,Bracotto,,,,,,,
163,Thomas Brandes,Brandes,,,,,,,
164,Ludwig N. Braun,Braun,,,,,,,
165,Matthias Braun,Braun,,,0000-0001-5169-1567,,,,
168,Alban Brigger,Brigger,,,,,,,
172,Anders Briksdal,Briksdal,,,,,,,
174,Dagrunn Briksdal,Briksdal,,,,,,,
170,Erling Briksdal,Briksdal,,,,,,,
173,Olav Briksdal,Briksdal,,,,,,,
171,Ruben Briksdal,Briksdal,,,,,,,
175,J. D. Brodard,Brodard,,,,,,,
177,Francesca Broz,Broz,,,,,,,
1567,Michel Brügger,Brügger,,,,,,,
179,Fanny Brun,Brun,,,0000-0001-6607-0667,,,,
180,K. Brunner,Brunner,,,,,,,
1405,Laura Brunner,Brunner,,,,,,,
181,Jürg Brunold,Brunold,,,,,,,
182,David Brus,Brus,,,0000-0002-8766-7873,,,,
1497,Federica Bruschi,Bruschi,,,,,,,
183,Pietro Bruschi,Bruschi,,,,,,,
186,Hilmar Jón Brynjólfsson,Brynjólfsson,,,,,,,
184,Skafti Brynjólfsson,Brynjólfsson,,,0000-0002-2792-1964,,,,
185,Sveinn Brynjólfsson,Brynjólfsson,,,,,,,
187,Norbert Bschaden,Bschaden,,,,,,,
188,Christian Buchli,Buchli,,,,,,,
190,Jørgen Buer,Buer,,,,,,,
189,May Britt Buer,Buer,,,,,,,
191,Franco Buglio,Buglio,,,,,,,
192,Daniela Bulanti,Bulanti,,,,,,,
193,Ueli Burgener,Burgener,,,,,,,
194,David O. Burgess,Burgess,,David Burgess,,,,,
196,Irina Bushueva,Bushueva,,,0000-0002-8324-4822,,,,
197,Mario Butti,Butti,,,,,,,
198,Gabriel Alberto Cabrera Gioia,Cabrera Gioia,,,,,,,
199,Bolívar Ernesto Cáceres Correa,Cáceres Correa,,,0000-0002-2013-057X,,,,
202,Tiziano Caira,Caira,,,,,,,
203,Sergio Camargo,Camargo,,,,,,,
204,Flavio Cambieri,Cambieri,,,,,,,
205,Chiara Caminada,Caminada,,,,,,,
207,Cao Bo,Cao,曹泊,,0000-0002-9235-859X,,,,
206,Cao Min,Cao,曹敏,,,,,,
208,Camilla Cappelletti,Cappelletti,,,,,,,
209,David Cappelletti,Cappelletti,,,0000-0002-9652-2457,,,,
210,Paolo Caprara,Caprara,,,,,,,
211,Valter Carbone,Carbone,,,,,,,
1542,Yerelin Cárcamo,Cárcamo,,,,,,,
213,J. R. Carr,Carr,,,,,,,
1479,Daniela Carrión,Carrión,,,,,,,
214,Jonathan L. Carrivick,Carrivick,,,,,,,
216,Luca Carturan,Carturan,,,0000-0003-2134-2686,,,,
217,Roberto Casagrande,Casagrande,,,,,,,
218,Giacomo Casartelli,Casartelli,,,,,,,
219,Gino Casassa,Casassa,,,0000-0002-7888-071X,,,,
220,Chris Caseldine,Caseldine,,,,,,,
221,Andrea Cassina,Cassina,,,,,,,
1404,Iris Castelberg,Castelberg,,,,,,,
222,Alejandro Casteller,Casteller,,,,,,,
224,Guido Catasta,Catasta,,,,,,,
223,Daniele Cat Berro,Cat Berro,,,,,,,
1558,Flurin Cathomas,Cathomas,,,,,,,
225,Jorge Luis Ceballos Liévano,Ceballos Liévano,,Jorge Luis Ceballos,,,,,
227,Stefano Cerise,Cerise,,,,,,,
230,Cristiana Cerrato,Cerrato,,,,,,,
231,Augusta Vittoria Cerutti,Cerutti,,,,,,,
233,Marco Cesco Cancian,Cesco Cancian,,,,,,,
234,Jean-Jacques Chabloz,Chabloz,,,,,,,
237,Piotr Aleksandrovich Cherkasov,Cherkasov,,,,,,,
238,Robert Chernov,Chernov,,,0000-0003-4186-2769,,,,
239,Vincent Cherpillod,Cherpillod,,,,,,,
240,Gabriel Chevalier,Chevalier,,,,,,,
1414,Roberto Chevrere,Chevrere,,,,,,,
241,Renato Chevrère,Chevrère,,,,,,,
242,Marta Chiarle,Chiarle,,,0000-0001-8447-3822,,,,
243,Trevor J. H. Chinn,Chinn,,,,,,,
244,Hermann Christl,Christl,,,,,,,
246,Giorgio Cibin,Cibin,,,,,,,
247,Roberto Cilenti,Cilenti,,,,,,,
1499,Domenico Cimini,Cimini,,,0000-0002-5962-223X,,,,
1530,Isabella Ciocca,Ciocca,,,,,,,
1458,Valeria Cipriani,Cipriani,,,,,,,
1489,Michele Citterio,Citterio,,,0000-0003-0022-5405,,,,
248,Mariano Ciucci,Ciucci,,,,,,,
249,Adam M. Clark,Clark,,Adam Clark,0000-0002-8863-1434,,,,
251,Guillermo Cobos Campos,Cobos Campos,,,,,,,
253,Alejo Cochachin Rapre,Cochachin Rapre,,,,,,2023,
254,J. Graham Cogley,Cogley,,Graham Cogley,,,1948,2018,
255,Giuseppe Cola,Cola,,,,,,,
256,Evelyn Coleman Brantschen,Coleman Brantschen,,,,,,,
258,Davide Colombarolli,Colombarolli,,,,,,,
259,Nicola Colombo,Colombo,,,,,,,
260,Thomas Condom,Condom,,,0000-0002-4408-8580,,,,
261,Julián Conejo,Conejo,,,,,,,
262,Emanuele Congiu,Congiu,,,,,,,
263,Luke Copland,Copland,,,0000-0001-5374-2145,,,,
264,Geoffrey Corner,Corner,,,0000-0001-7923-4501,,,,
265,E. Corvalan,Corvalan,,,,,,,
267,Lorenzo Costanzo,Costanzo,,,,,,,
268,F. Covi,Covi,,,,,,,
269,Stefano Covi,Covi,,,,,,,
270,Leif Cox,Cox,,,,,,,
271,Hans Crammer,Crammer,,,,,,,
1468,Claudio Crespi,Crespi,,,,,,,
272,Simeon Crest,Crest,,,,,,,
1599,Matteo Crippa,Crippa,,,,,,,
273,Rolando Cesai Cruz Encarnación,Cruz Encarnación,,,,,,,
274,Ivàn Cuéllar,Cuéllar,,,,,,,
275,Nicolas James Cullen,Cullen,,Nicolas Cullen,0000-0001-8877-1325,,,,
1423,Pierluigi Cullino,Cullino,,,,,,,
276,Stefano D'Adda,D'Adda,,,,,,,
1576,Johanna Dahlkvist,Dahlkvist,,,,,,,
278,Mirlan Daiyrov,Daiyrov,,,0000-0002-1489-5090,,,,
1605,Pietro Dai Zotti,Dai Zotti,,,,,,,
279,Dorino Daldoss,Daldoss,,,,,,,
1618,Mattia Dalpiaz,Dalpiaz,,,,,,,
1588,Franca D'Amico,D'Amico,,,,,,,
1603,Patrizia Da Molin,Da Molin,,,,,,,
1562,Bradley Danielson,Danielson,,,,,,,
277,Pinuccio D'Aquila,D'Aquila,,,0000-0003-1537-3005,,,,
280,Helga Davids,Davids,,,,,,,
281,Luzmila Rosario Dávila Roller,Dávila Roller,,Luzmila Dávila Roller,,,,,
282,Hernán De Angelis,De Angelis,,,0000-0002-8584-272X,,,,
1402,Gianni de Felice,de Felice,,,,,,,
283,Dolores De Felice,De Felice,,,,,,,
290,Renato Deflorin,Deflorin,,,,,,,
291,Giancarlo Degasperi,Degasperi,,,,,,,
292,Pier Paolo Degli Esposti,Degli Esposti,,,,,,,
294,Omar Del Castillo,Del Castillo,,,,,,,
296,Hugo Delgado-Granados,Delgado-Granados,,,,,,,
1428,Marco Dellanoce,Dellanoce,,,,,,,
299,Michael N. Demuth,Demuth,,,,,,,
301,Marianne den Ouden,den Ouden,,,,,,,
303,Florian Denzinger,Denzinger,,,,,,,
284,Eduardo Martínez de Pisón Stampa,de Pisón Stampa,,,,https://es.wikipedia.org/wiki/Eduardo_Mart%C3%ADnez_de_Pis%C3%B3n,,,
1409,Julien Desarzens,Desarzens,,,,,,,
304,Roland Descloux,Descloux,,,,,,,
285,Simon Daniel de Villiers,de Villiers,,Simon de Villiers,,https://www.hvl.no/person/?user=Simon.Daniel.de.Villiers,,,
286,Maurizio De Zaiacomo,De Zaiacomo,,,,,,,
307,Fabián Díaz,Díaz,,,,,,,
1602,Michele Di Biase,Di Biase,,,,,,,
1500,Thomas di Fiore,di Fiore,,,,,,,
310,A. N. Dikikh,Dikikh,,,,,,,
306,Andrea Di Lullo,Di Lullo,,,,,,,
311,Roberto Dinale,Dinale,,,,,,,
312,Guglielmina Adele Maria Diolaiuti,Diolaiuti,,Guglielmina Diolaiuti,,https://expertise.unimi.it/get/person/guglielmina-diolaiuti,,,
313,Fabrizio Diotri,Diotri,,,,,,,
314,Dwarika P. Dobhal,Dobhal,,,,,,,
315,Karl Döhler,Döhler,,,,,,,
316,Giovanni Donadelli,Donadelli,,,,,,,
318,M. Dragosics,Dragosics,,,,,,,
1606,Stefano Drigo,Drigo,,,,,,,
320,H. J. Drong,Drong,,,,,,,
321,Laura Dublanc,Dublanc,,,,,,,
323,Florian Dünser,Dünser,,,,,,,
324,Könz Duri,Duri,,,,,,,
325,Inés Dussaillant,Dussaillant,,,,,,,
1612,Meerim Dzholdosheva,Dzholdosheva,,,,,,,
327,Jan Dzierżek,Dzierżek,,,0000-0002-8821-0090,,,,
328,Peter Ebneter,Ebneter,,,,,,,
329,Miles A. Ecclestone,Ecclestone,,,,,,,
330,Keith Echelmeyer,Echelmeyer,,,,,,,
332,Mark Ednie,Ednie,,,,,,,
333,Lukas Eggimann,Eggimann,,,,,,,
334,Jacques Ehinger,Ehinger,,,,,,,
336,Ragnar Ekker,Ekker,,,,,,,
337,Nelly Elagina,Elagina,,,0000-0003-2799-2575,,,,
338,Hallgeir Elvehøy,Elvehøy,,,,,,,
1447,L. Elvekrok,Elvekrok,,,,,,,
339,R. Elvesæter,Elvesæter,,,,,,,
340,Z. Engel,Engel,,,,,,,
341,Rune Verpe Engeset,Engeset,,,,https://www.nve.no/vann-og-vassdrag/vannets-kretsloep/vaare-forskere/rune-verpe-engeset/,,,
342,Pia Eriksson,Eriksson,,,0000-0002-4331-024X,,,,
343,Bakyt Ermenbayev,Ermenbayev,,,,,,,
345,Evgeniy Ermolin,Ermolin,,,,,,,
346,Alexander Anatolievich Erofeev,Erofeev,Александр Анатольевич Ерофеев,Alexander Erofeev,0000-0002-7890-1410,https://persona.tsu.ru/Home/UserProfile/7529,,,
348,Fernando Escobar Cáceres,Escobar Cáceres,,,,,,,
349,Muxammet Esenaman uulu,Esenaman uulu,Мухаммед Эсенаман уул,Mokhamed Esenamanov | Muhammed Esenaman uulu,,https://www.caiag.kg/ky/b-l-md-r/2-b-l-m-klimat-suu-zhana-zharatylysh-resurstary-b-l-m/kyzmatkerler/374-esenaman-uulu-mukhammed,,,
1493,Davron Eshmiratov,Eshmiratov,,,,,,,
1477,Alejandra Espinoza,Espinoza,,,,,,,
351,Lydia Espizua,Espizua,,,,,,,
352,Giulio Esposito,Esposito,,,0000-0002-7057-155X,,,,
1418,Kristjana Eyþórsdóttir,Eyþórsdóttir,,,,,,,
355,Kristjana G. EyÞórsdóttir,EyÞórsdóttir,,,,,,,
357,Knut Fægri,Fægri,,,,,,,
358,Daniel Fagre,Fagre,,,0000-0001-8552-9461,,,,
359,Daniel Falaschi,Falaschi,,,0000-0001-9232-2813,,,,
360,Jörg Färber,Färber,,,,,,,
361,Luca Farinella,Farinella,,,,,,,
362,Daniel Farinotti,Farinotti,,,0000-0003-3417-4570,,,,
363,Dario Favre,Favre,,,,,,,
1419,Fabio Fazzini,Fazzini,,,,,,,
364,E. Felkel,Felkel,,,,,,,
365,François Fellay,Fellay,,,,,,,
1465,Alessandro Fellin,Fellin,,,,,,,
366,Saverio Fellin,Fellin,,,,,,,
1526,Alfonso Fernández,Fernández,,,,,,,
1540,Francisco Javier Fernandoy Pedreros,Fernandoy Pedreros,,Francisco Fernandoy,0000-0003-2252-7746,https://researchers.unab.cl/en/persons/francisco-fernandoy,,,
368,Francesco Ferrarese,Ferrarese,,,,,,,
369,Cristian Ferrari,Ferrari,,,,,,,
370,Umberto Ferrari,Ferrari,,,,,,,
371,Cristiana Ferrero,Ferrero,,,,,,,
367,Cristina Ferrero,Ferrero,,,,,,,
372,Lidia Ferri Hidalgo,Ferri Hidalgo,,,0000-0002-0757-7828,,,,
374,Gian Cla Feuerstein,Feuerstein,,,,,,,
1536,William Osgood Field,Field,,,,https://www.wikidata.org/wiki/Q105916558,1904,1994,
377,Sebastian Finsterwalder,Finsterwalder,,,,,,,
378,Matteo Fioletti,Fioletti,,,,,,,
379,Andrea Fischer,Fischer,,,0000-0003-1291-8524,,,,
382,Mauro Fischer,Fischer,,,0000-0002-0950-776X,,,,
383,Cristina Fisler,Fisler,,,,,,,
384,Erwin Fistill,Fistill,,,,,,,
386,Sean Fitzsimons,Fitzsimons,,,0000-0003-0513-7367,,,,
387,Per Kristoffersen Fjelldal,Fjelldal,,,,,,,
388,Johan Flatebø,Flatebø,,,,,,,
389,Zanni Flemi,Flemi,,,,,,,
390,Caitlyn E. Florentine,Florentine,,Caitlyn Florentine,0000-0002-7028-0963,,,,
394,S. Flury,Flury,,,,,,,
396,Giuseppe Fontana,Fontana,,,,,,,
1544,James Foreman,Foreman,,,0000-0003-0535-4580,https://www.usgs.gov/staff-profiles/james-foreman,,,
397,Fulvio Fornengo,Fornengo,,,,,,,
398,Marco Fornengo,Fornengo,,,,,,,
400,Forster,Forster,,,,,,,
401,Andrew G. Fountain,Fountain,,,0000-0001-5299-2273,,,,
787,Miguel Francés Mahamud,Francés Mahamud,,,,,,,
402,Gianluigi Franchi,Franchi,,,,,,,
403,Bernard Francou,Francou,,,0000-0003-3656-9349,,,,
404,Marco Frasca,Frasca,,,,,,,
1575,Zan Frederick,Frederick,,,,,,,
406,Maurus Frei,Frei,,,,,,,
407,Michele Freppaz,Freppaz,,,,,,,
408,W. Fresacher,Fresacher,,,,,,,
410,V. S. Freydlin,Freydlin,В. С. Фрейдлин,,,,,,
411,Christoph Friedrich,Friedrich,,,,,,,
412,Margit Friedrich,Friedrich,,,,,,,
413,Reinhold Friedrich,Friedrich,,,,,,,
414,Jean Michel Friedt,Friedt,,,,,,,
1082,Alessandro Frison,Frison,,,,,,,
415,Peter Fritz,Fritz,,,,,,,
416,M. Fritzsch,Fritzsch,,,,,,,
1473,Davide Fugazza,Fugazza,,,,,,,
417,Ueli Fuhrer,Fuhrer,,,,,,,
419,Fujita Koji,Fujita,藤田 耕史,,0000-0003-3753-4981,,,,
420,Fukui Kotaro,Fukui,福井 幸太郎,,0000-0003-2106-0232,https://researchmap.jp/pukuun,,,
422,Martin Funk,Funk,,,,,,,
423,Alberto Fusinaz,Fusinaz,,,,,,,
424,André Fusinaz,Fusinaz,,,,,,,
426,Mauro Gaddo,Gaddo,,,,,,,
427,Bogdan Gądek,Gądek,,,0000-0002-8755-9119,,,,
1416,Gianluigi Gadin,Gadin,,,,,,,
428,Gian Luigi Gadin,Gadin,,,,,,,
429,Abror Gafurov,Gafurov,,,0000-0003-0337-465X,,,,
1476,Matias Galaoz,Galaoz,,,,,,,
1556,Emanuel Galetta,Galetta,,,,,,,
432,H. Gall,Gall,,,,,,,
433,R. Gallaire,Gallaire,,,,,,,
434,Enrico Gallazzini,Gallazzini,,,,,,,
435,Paolo Gallo,Gallo,,,,,,,
436,Alessandro Galluccio,Galluccio,,,,,,,
438,Antonio Galluccio,Galluccio,,,,,,,
437,Francesco Galluccio,Galluccio,,,,,,,
1607,Stefano Galluccio,Galluccio,,,,,,,
441,Stephan Peter Galos,Galos,,,0000-0002-9087-2667,,,,
443,Andreas Gantner,Gantner,,,,,,,
446,Hernán Gargantini,Gargantini,,,,,,,
447,C. Garin,Garin,,,,,,,
448,Roberto Garino,Garino,,,,,,,
449,Antonio Garlaschelli,Garlaschelli,,,,,,,
450,Isabelle Gärtner-Roer,Gärtner-Roer,,,,,,,
1457,Norman Gasperini,Gasperini,,,,,,,
451,Yannick Gerard,Gerard,,,,,,,
1515,Eva Gertsch,Gertsch,,,,,,,
453,Marco Giada,Giada,,,,,,,
454,Bruce Giffen,Giffen,,,,,,,
455,Andrea Gigliuto,Gigliuto,,,,,,,
456,Michelangelo Gilli,Gilli,,,,,,,
457,Patrick Ginot,Ginot,,,0000-0003-4472-3721,,,,
458,Augusto Giorcelli,Giorcelli,,,,,,,
459,Marco Giorcelli,Giorcelli,,,,,,,
460,Páll Gíslason,Gíslason,,,,,,,
461,Jóhannes Gissurarson,Gissurarson,,,,,,,
462,Maura Giuliano,Giuliano,,,,,,,
464,Andrey Glazovsky,Glazovsky,,,0000-0001-6275-7517,,,,
465,Piotr Glowacki,Glowacki,,,,,,,
466,Ramin G. Gobejishvili,Gobejishvili,,,,,,,
467,Gian Andri Godly,Godly,,,,,,,
468,Danilo Godone,Godone,,,,,,,
469,Josef Goldberger,Goldberger,,,,,,,
471,Gennady Nikolaevich Golubev,Golubev,Геннадию Николаевичу Голубев,,,,1935,2010,
472,Jesús Gómez,Gómez,,,,,,,
1525,Javiera Gonzaléz,Gonzaléz,,,,,,,
474,J. E. Gordon,Gordon,,,,,,,
475,Giovanni Gorni,Gorni,,,,,,,
476,Giacomo Gotta,Gotta,,,,,,,
477,Gustav Götzinger,Götzinger,,,,,,,
478,Noel Gourmelen,Gourmelen,,,0000-0003-3346-9289,,,,
479,Mariusz Grabiec,Grabiec,,,0000-0002-1991-3577,,,,
1459,Susanna Grasso,Grasso,,,,,,,
481,Giovanni Grazzi,Grazzi,,,,,,,
482,Giovanni Greco,Greco,,,,,,,
483,G. Greim,Greim,,,,,,,
485,Angelo Grilli,Grilli,,,,,,,
486,Madeleine Griselin,Griselin,,,,,,,
1469,Marisa Groff,Groff,,,,,,,
487,Benedikt Gröndal,Gröndal,,,,,,,
488,Børre Grønningsæter,Grønningsæter,,,,,,,
489,Marco Grosa,Grosa,,,,,,,
490,Günther Groß,Groß,,,,,,,
1587,Johannes Groß,Groß,,,,,,,
492,G. Gruber,Gruber,,,,,,,
491,Otto Gruber,Gruber,,,,,,,
493,Håkan Grudd,Grudd,,,0000-0002-9033-2505,,,,
494,K. Grunewald,Grunewald,,,,,,,
495,Guan Weijin,Guan,管伟瑾,,0000-0002-1280-655X,,,,
497,Luis F. Guarnizo,Guarnizo,,,,,,,
498,Afanasiy Sergeevich Gubanov,Gubanov,Афанасий Сергеевич Губанов,Afanasiy Gubanov,,https://www.geogr.msu.ru/structure/departments/crio/staff/gubanov-afanasiy-sergeevich/?sphrase_id=7444,,,
500,Eyjólfur Guðmundsson,Guðmundsson,,,,,,,
501,Snævarr Guðmundsson,Guðmundsson,,,,,,,
502,Ulisse Guichardaz,Guichardaz,,,,,,,
503,Andri Gunnarsson,Gunnarsson,,,0000-0002-9041-8763,,,,
504,Guðlaugur Gunnarsson,Gunnarsson,,,,,,,
505,Einar Gunnlaugsson,Gunnlaugsson,,,,,,,
1446,Nishikant Gupta,Gupta,,,,,,,
506,Tika Gurung,Gurung,,,,,,,
507,Alessio Gusmeroli,Gusmeroli,,,,,,,
508,Mattia Gussoni,Gussoni,,,,,,,
509,Nils Haakensen,Haakensen,,,,,,,
510,Walter Hacker,Hacker,,,,,,,
512,Wilfried Haeberli,Haeberli,,,,,,,
513,Jon Ove Methlie Hagen,Hagen,,,0000-0003-0608-042X,https://www.mn.uio.no/geo/personer/emeriti/joh/index.html,,,
514,Wilfried Hagg,Hagg,,,0000-0002-0554-1936,,,,
1512,Nils Hählen,Hählen,,,,,,,
515,Martin Haider,Haider,,,,,,,
516,P. Haimayer,Haimayer,,,,,,,
517,Ágúst Hálfdánsson,Hálfdánsson,,,,,,,
1495,Ardamehr Halimov,Halimov,,,,,,,
1552,Þórður Halldórsson,Halldórsson,,,,,,,
1551,Haraldur Hallsteinsson,Hallsteinsson,,,,,,,
519,Norbert Hammer,Hammer,,,,,,,
520,E. Hanna,Hanna,,,,,,,
521,Hrafnhildur Hannesdóttir,Hannesdóttir,,,,,,,
522,Eyjólfur Hannesson,Hannesson,,,,,,,
523,Frode Hansen,Hansen,,,,,,,
524,Einar Hrafnkell Haraldsson,Haraldsson,,,,,,,
525,Hallsteinn Haraldsson,Haraldsson,,,,,,,
526,Hannes H. Haraldsson,Haraldsson,,,,,,,
527,Hafliði Bárður Harðarson,Harðarson,,,,,,,
1547,Florian Hardmeier,Hardmeier,,,0000-0002-8569-6662,https://www.geo.uzh.ch/en/department/Staff/florianhardmeier,,,
532,Devin Harrison,Harrison,,,,,,,
533,Stephan Harrison,Harrison,,,,,,,
534,Lea Hartl,Hartl,,,0000-0001-5688-3760,,,,
535,Arnold Hartmann,Hartmann,,,,,,,
536,Bent Hasholt,Hasholt,,,0000-0003-4075-2584,,,,
537,Stefan L. Hastenrath,Hastenrath,,,,,,,
538,F. Haubold,Haubold,,,,,,,
539,Sidsel Haug,Haug,,,,,,,
540,Jon Endre Hausberg,Hausberg,,,,,,,
541,V. M. Haynes,Haynes,,,,,,,
542,Arian Hedayatullah,Hedayatullah,,,,,,,
543,Werner Heissel,Heissel,,,,,,,
544,Michael Hekkers,Hekkers,,,,,,,
545,Christian Helanow,Helanow,,,0000-0003-4310-4873,,,,
546,L. Held,Held,,,,,,,
547,Kay Helfricht,Helfricht,,,0000-0002-8843-7594,,,,
548,Jónas Helgason,Helgason,,,,,,,
1548,Andreas Henz,Henz,,,,https://www.geo.uzh.ch/en/units/3g/staff/andreashenz,,,
1511,André Henzen,Henzen,,,,,,,
550,Hans Henzen,Henzen,,,,,,,
551,D. G. Herd,Herd,,,,,,,
1481,Jorge Hernández,Hernández,,,,,,,
1528,Mariajose Herrera,Herrera,,,,,,,
553,Hans Hess,Hess,,,,,,,
554,Helmut Heuberger,Heuberger,,,,,,,
556,J. L. Heyer,Heyer,,,,,,,
557,P. B. Heyer,Heyer,,,,,,,
559,Sverrir Hilmarsson,Hilmarsson,,,,,,,
563,Árni Hjartarson,Hjartarson,,,,,,,
562,Kristján E. Hjartarson,Hjartarson,,,,,,,
564,Þórarinn Hjartarson,Hjartarson,,,,,,,
1482,Elias Hodel,Hodel,,,0000-0003-0988-0545,,,,
566,Erwin Hodel,Hodel,,,,,,,
567,Walter Hodel,Hodel,,,,,,,
568,Adolf Hoel,Hoel,,,,https://en.wikipedia.org/wiki/Adolf_Hoel,1879,1964,
569,Martin Hoelzle,Hoelzle,,Martin Hölzle,0000-0002-3591-4377,,,,
572,Angelika Höfler,Höfler,,,,,,,
575,Gerhard Hohenwarter jun.,Hohenwarter,,,,,,,"jun. stands for ""junior"""
576,Herfried Hoinkes,Hoinkes,,,,,,,
577,Otto Holen,Holen,,,,,,,
578,Erik Holmlund,Holmlund,,,,,,,
579,Per Holmlund,Holmlund,,,,,,,
582,E. Hosp,Hosp,,,,,,,
583,Laila Høydal,Høydal,,,,,,,
585,A. Hubbard,Hubbard,,,,,,,
1538,Richard Carleton Hubley,Hubley,,,,https://journalhosting.ucalgary.ca/index.php/arctic/article/view/66813,1926,1957,
587,Csilla Hudek,Hudek,,,,,,,
588,Jorge Andrés Huenante Gutiérrez,Huenante Gutiérrez,,Jorge Huenante,,,,,
1518,Christian Huggel,Huggel,,,0000-0001-9299-2665,,,,
589,Romain Hugonnet,Hugonnet,,,0000-0002-0955-1306,,,,
1570,Urs Hunziker,Hunziker,,,,,,,
593,Matthias Huss,Huss,,,0000-0002-2377-6923,,,,
594,Philippe Huybrechts,Huybrechts,,,0000-0003-1406-0525,,,,
595,Bernhard Hynek,Hynek,,,0009-0001-7705-0001,,,,
1620,Simone Ialongo,Ialongo,,,,,,,
596,Dariusz Ignatiuk,Ignatiuk,,,0000-0002-2947-474X,,,,
597,Yu. G. Ilyichov,Ilyichov,,,,,,,
1521,Imazu Takuro,Imazu,今津 拓郎,,,,,,
598,Björn Indriðason,Indriðason,,,,,,,
602,Rodolfo Iturraspe,Iturraspe,,,0000-0003-3423-4262,,,,
603,Chiara Iulita,Iulita,,,,,,,
604,Cristiano Iurisci,Iurisci,,,,,,,
606,Maria Pia Izzo,Izzo,,,,,,,
607,Miriam Jackson,Jackson,,,0000-0003-3719-6716,https://www.nve.no/vann-og-vassdrag/vannets-kretsloep/vaare-forskere/miriam-jackson/,,,
609,Mylène Jacquemart,Jacquemart,,,0000-0003-2501-7645,,,,
610,Miriam Jäggi,Jäggi,,,,,,,
611,G. Jakobsson,Jakobsson,,,,,,,
612,Jacek Jania,Jania,,,0000-0002-8531-7394,,,,
613,Peter Jansson,Jansson,,,0000-0002-8832-8806,,,,
614,Bertram Janz,Janz,,,,,,,
615,W. Jenner,Jenner,,,,,,,
616,Sigurgeir Már Jensson,Jensson,,,,,,,
663,Jiao Keqin,Jiao,焦克勤,,,,,,
619,Jing Zhefan,Jing,井哲帆,,,,,,
620,Philip C. Joerg,Joerg,,,,,,,
623,Gissur Jóhannesson,Jóhannesson,,,,,,,
621,T. Jóhannesson,Jóhannesson,,,,,,,
624,Valur Jóhannesson,Jóhannesson,,,,,,,
622,Þröstur Jóhannesson,Jóhannesson,,,,,,,
625,Hans K. Johansen,Johansen,,,,,,,
1411,Þórhildur Halla Jónsdóttir,Jónsdóttir,,,,,,,
629,Hannes Jónsson,Jónsson,,,,,,,
630,Leifur Jónsson,Jónsson,,,,,,,
628,Solberg Jónsson,Jónsson,,,,,,,
631,Sverrir Aðalsteinn Jónsson,Jónsson,,,,,,,
1597,Etienne Jordaney,Jordaney,,,,,,,
633,Jean Laurent Jordaney,Jordaney,,,,,,,
634,Leo Jörger,Jörger,,,,,,,
635,Sharad Prasad Joshi,Joshi,,,0000-0001-9811-8370,https://www.icimod.org/team/sharad-prasad-joshi/,,,
1573,Bruno Jourdain,Jourdain,,,,,,,
636,Irmgard Juen,Juen,,,,,,,
637,Andreas Kääb,Kääb,,,0000-0002-6017-6564,,,,
1496,Khusrav Kabutov,Kabutov,Хусрав Кабутов,,0000-0002-1653-1741,,,,
639,Joanna Kajdas,Kajdas,,,0009-0006-6878-4296,,,,
640,Matthias Kalberer,Kalberer,,,,,,,
641,Ingibjörg Kaldal,Kaldal,,,,,,,
643,Stefan Kamm,Kamm,,,,,,,
644,G. M. Kamnyanskiy,Kamnyanskiy,,,,,,,
646,Giovanni Kappenberger,Kappenberger,,,,,,,
647,Valgeir Steinn Kárason,Kárason,,,,,,,
648,Jeffrey S. Kargel,Kargel,,,,,,,
650,F. Karl,Karl,,,,,,,
652,Torbjörn Karlin,Karlin,,,,,,,
653,Jan Inge Karlsen,Karlsen,,,,,,,
654,Karma,Karma,,,,,,,
655,Nikolaj E. Kasatkin,Kasatkin,,Nikolay E. Kassatkin,,,,,
656,Georg Kaser,Kaser,,,,,,,
658,Hans Katschthaler,Katschthaler,,,,,,,
659,Abdulhamid Kayumov,Kayumov,Абдулҳамид Қаюмов,Абдулхамид Каюмов,,,,,
660,Martin Keiser,Keiser,,,,,,,
1516,Felix Keller,Keller,,,,,,,
661,Andreas Kellerer-Pirklbauer,Kellerer-Pirklbauer,,,0000-0002-2745-3953,,,,
662,Ruslan Kenzhebaev,Kenzhebaev,Руслан Курманалиевич Кенжебаев,Ruslan Kenjebaev,,https://www.caiag.kg/ky/b-l-md-r/2-b-l-m-klimat-suu-zhana-zharatylysh-resurstary-b-l-m/kyzmatkerler/373-kenzhebaev-ruslan-kurmanalievich,,,
664,A. M. Kerimov,Kerimov,,,,,,,
665,Tim Kerr,Kerr,,,0000-0002-5505-3244,,,,
666,Kerschensteiner,Kerschensteiner,,,,,,,
667,Ye. G. Kharkovets,Kharkovets,,,,,,,
668,I. F. Khmelevskoy,Khmelevskoy,,,,,,,
1578,Tatiana Emelyanovna Khromova,Khromova,Татьяна Емельяновна Хромова,Tatiana Khromova,,,,,
671,Pål Hage Kielland,Kielland,,Pål Gran Kielland,,,,,Changed name from Pål Gran Kielland to Pål Hage Kielland after marriage
673,Zofia Kijkowska-Wiślińska,Kijkowska-Wiślińska,,,,,,,
677,Joni Kincaid,Kincaid,,,,,,,
678,R. E. King,King,,,,,,,
679,Hans Kinzl,Kinzl,,,,,,,
680,Nina Kirchner,Kirchner,,,,,,,
681,Bjarne Kjøllmoen,Kjøllmoen,,,,,,,
682,Pius Kläger,Kläger,,,,,,,
684,Hanspeter Klauser,Klauser,,,,,,,
685,R. Klebelsberg,Klebelsberg,,,,,,,
686,Andrew Klein,Klein,,,,,,,
687,Tormod Klemsdal,Klemsdal,,,,,,,
688,Tore Klokk,Klokk,,,,,,,
689,Christoph Klug,Klug,,,0000-0001-9097-1203,,,,
690,Andreas Knittel,Knittel,,,,,,,
691,Geir Johan Knudsen,Knudsen,,,,,,,
692,Niels Tvis Knudsen,Knudsen,,,,,,,
693,Geir Knutsen,Knutsen,,,,,,,
694,H. J. Koark,Koark,,,,,,,
695,Jack Kohler,Kohler,,,0000-0003-1963-054X,,,,
696,Alfred Koller,Koller,,,,,,,
697,Leszek Jan Kolondra,Kolondra,,,,,,,
698,Patrizia Köpfli,Köpfli,,,,,,,
700,Roy M. Körner,Körner,,Roy M. Koerner,,,,,
702,Karin Krantz,Krantz,,,,,,,
703,Leo Krasser,Krasser,,,,,,,
704,E. Kraus,Kraus,,,,,,,
705,David Kriegel,Kriegel,,,,,,,
706,Robert M. Krimmel,Krimmel,,,,,,,
709,Bjarni Kristinsson,Kristinsson,,,,,,,
710,Ragnar Frank Kristjánsson,Kristjánsson,,,,,,,
711,Michael Krobath,Krobath,,,,,,,
712,C. Kroisleitner,Kroisleitner,,,,,,,
713,Marlene Kronenberg,Kronenberg,,,0000-0003-0214-107X,,,,
715,Michael Kuhn,Kuhn,,,,,,,
1415,Roderick Kühne,Kühne,,,,,,,
716,Urban Kühne,Kühne,,,,,,,
1514,Rajesh Kumar,Kumar,,,,,,,
718,Stanislav S. Kutuzov,Kutuzov,,Stanislav Kutuzov,0000-0003-2007-0922,,,,
1475,Jørgen Loe Kvalberg,Kvalberg,,,,,,,
719,Ånund Kvambekk,Kvambekk,,,,,,,
1574,Olivier Laarman,Laarman,,,,,,,
1539,Edward LaChapelle,LaChapelle,,,,https://en.wikipedia.org/wiki/Edward_LaChapelle,1926,2007,
721,Max Lagally,Lagally,,,,,,,
722,Christophe Lambiel,Lambiel,,,,,,,
1400,Jarle Land,Land,,,,,,,
1434,Johannes Landmann,Landmann,,,0000-0003-0514-3521,,,,
723,Maurus Landolt,Landolt,,,,,,,
725,Helmut Lang,Lang,,,,,,,
724,Josef Lang,Lang,,,,,,,
727,Kirsty Langley,Langley,,,0000-0002-0500-8971,,,,
728,Michael Larrabee,Larrabee,,,,,,,
1490,Signe Hillerup Larsen,Larsen,,,,,,,
729,Michał Laska,Laska,,,0000-0001-9843-9457,,,,
730,K. Láska,Láska,,,,,,,
731,Adolf Lässer,Lässer,,,,,,,
732,Rudolf Lässer,Lässer,,,,,,,
733,Eduardo Lastrada,Lastrada,,,,,,,
735,Tron Laumann,Laumann,,,,,,,
736,Ivan I. Lavrentiev,Lavrentiev,Иван Лаврентьев,Ivan Lavrentiev,,,,,
1529,Gianni Leal,Leal,,,,,,,
737,Raymond Le Bris,Le Bris,,,,,,,
743,Juan Carlos Leiva,Leiva,,,,,,,
744,Amerigo Lendvai,Lendvai,,,,,,,
745,Stefano Leoni,Leoni,,,,,,,
738,Lorenzo Le Pera,Le Pera,,,,,,,
746,Rudolf Leutelt,Leutelt,,,,,,,
747,Gwendolyn Leysinger-Vieli,Leysinger-Vieli,,,,,,,
748,Li Huilin,Li,李慧林,,,,,,
749,Li Shenghai,Li,李生海,,,,,,
750,Li Zhongqin,Li,李忠勤,,,,,,
1592,Angelo Libera,Libera,,,,,,,
751,Norbert Lichtenecker,Lichtenecker,,,,,,,
752,Gerhard Karl Lieb,Lieb,,,,,,,
753,Olav Liestøl,Liestøl,,,,,,,
1455,Elisa Lietti,Lietti,,,,,,,
1513,Anurag Linda,Linda,,,,,,,
754,Andreas Linsbauer,Linsbauer,,,0000-0002-2713-0900,,,,
1596,Claudia Linty,Linty,,,,,,,
755,Endre Liset,Liset,,,,,,,
756,Liu Chaohai,Liu,刘潮海,,,,,,
757,Liu Shiyin,Liu,刘时银,,0000-0002-9625-7497,,,,
758,Stephen Livingstone,Livingstone,,,,,,,
760,Pablo Lizana,Lizana,,,,,,,
759,R. Lizana,Lizana,,,,,,,
761,Even Loe,Loe,,,,,,,
762,Giuditta Lojacono,Lojacono,,,,,,,
763,Maurizio Lojacono,Lojacono,,,,,,,
764,Olav Løken,Løken,,,,,,,
765,Luca Lombardi,Lombardi,,,,,,,
766,Luca Lorenzetti,Lorenzetti,,,,,,,
1436,Arminel M. Lovell,Lovell,,,0000-0001-5247-3641,,,,
767,Birger Løvland,Løvland,,,,,,,
768,Miroslaw Lubarski,Lubarski,,,,,,,
769,Sara Lucchetta,Lucchetta,,,,,,,
1462,Daniele Luchetta,Luchetta,,,,,,,
771,Bartłomiej Luks,Luks,,,0000-0003-2287-385X,,,,
773,Chiara Lulita,Lulita,,,,,,,
1611,Krista Luoma,Luoma,,,0000-0001-8841-3050,,,,
775,Renaldo Lutz,Lutz,,,,,,,
776,Roland Luzian,Luzian,,,,,,,
777,Fabienne Maag,Maag,,,,,,,
780,Agostino Maccagni,Maccagni,,,,,,,
781,Machacek,Machacek,,,,,,,
782,Horst Machguth,Machguth,,,0000-0001-5924-0998,,,,
783,Maciej Maciejewski,Maciejewski,,,,,,,
784,Andrew Mackintosh,Mackintosh,,,0000-0002-6430-4711,,,,
785,Chiara Maestri,Maestri,,,,,,,
786,Margherita Maggioni,Maggioni,,,,,,,
1440,Amina Maharjan,Maharjan,,,0000-0003-4002-3242,,,,
788,Sudan Bikash Maharjan,Maharjan,,,0000-0002-1307-9200,,,,
789,Michel Maikoff,Maikoff,,,,,,,
790,Giovanna Mainardi,Mainardi,,,,,,,
792,Konstantin G. Makarevich,Makarevich,,,,,,,
1486,Adilet Makeshov,Makeshov,,,,,,,
793,Gabriela Maldonado,Maldonado,,,,,,,
794,Jakub Malecki,Malecki,,,,,,,
795,Jeppe Malmros,Malmros,,,,,,,
796,Abigail Maloof,Maloof,,,,,,,
1425,Anne Britt Malvik,Malvik,,,,,,,
1583,Sigurd Malvik,Malvik,,,,,,,
1492,Halimjon Mamirov,Mamirov,,,,,,,
1437,Erik Mannerfelt,Mannerfelt,,,,,,,
797,Marco Manni,Manni,,,,,,,
798,Marco Marcer,Marcer,,,0000-0002-2749-8051,,,,
799,Rod March,March,,,,,,,
800,Franco Marchetti,Marchetti,,,,,,,
1456,Guðbjörn Margeirsson,Margeirsson,,,,,,,
803,Walter Margola,Margola,,,,,,,
1522,Liliana Margonari,Margonari,,,,,,,
804,Alessandra Marino,Marino,,,,,,,
805,Sebastián Marinsek,Marinsek,,,0009-0005-5101-1564,,,,
806,Gerhard Markl,Markl,,,,,,,
807,T. Markussen,Markussen,,,,,,,
808,Jean-Philippe Marlétaz,Marlétaz,,,,,,,
1545,Cameron Marshall,Marshall,,,0000-0002-4288-3214,https://www.usgs.gov/staff-profiles/cameron-marshall,,,
1498,Matteo Martinelli,Martinelli,,,,,,,
811,Jann Marx,Marx,,,,,,,
1430,Frank Marzano,Marzano,,,,,,,
1470,Maurizio Marzorati,Marzorati,,,,,,,
814,Pravin Raj Maskey,Maskey,,,,,,,
815,Enzo Massa Micon,Massa Micon,,,,,,,
1484,Marco Shackleton Masserini,Masserini,,Marco Masserini,,,,,
817,Demis Massoni,Massoni,,,,,,,
818,Ugo Mattana,Mattana,,,,,,,
819,Enrico Mattea,Mattea,,,0000-0002-6576-4701,,,,
820,Viðar Már Matthíasson,Matthíasson,,,,,,,
821,Marco Mattiato,Mattiato,,,,,,,
823,B. R. Mavlyudov,Mavlyudov,,,,,,,
824,Christoph Mayer,Mayer,,,0000-0002-4226-4608,,,,
825,Lieselotte Mayer,Mayer,,,,,,,
826,Reinhold Mayer,Mayer,,,,,,,
827,Lawrence Mayo,Mayo,,,,,,,
828,Franz Mayr,Mayr,,,,,,,
829,Alvaro Mazza,Mazza,,,,,,,
830,Eleonora Mazza,Mazza,,,,,,,
833,Robert McNabb,McNabb,,,0000-0003-0016-493X,,,,
834,Christopher J. McNeil,McNeil,,Chris McNeil,0000-0003-4170-0428,,,,
835,James Médico,Médico,,,,,,,
836,Manish Mehta,Mehta,,,0000-0001-7703-0521,,,,
837,Marion Meier,Meier,,,,,,,
838,Mark Meier,Meier,,,,https://en.wikipedia.org/wiki/Mark_Meier,,,
839,Adrian Meier-Glaser,Meier-Glaser,,,,,,,
840,Javier Mendoza,Mendoza,,,,,,,
841,Mirco Meneghel,Meneghel,,,,,,,
842,Curdin Mengelt,Mengelt,,,,,,,
1448,Brian Menounos,Menounos,,,0000-0002-3370-4392,,,,
843,Luca Mercalli,Mercalli,,,,,,,
844,Andrew Mercer,Mercer,,,,,,,
846,Sebastian Haugaard Mernild,Mernild,,,,https://en.wikipedia.org/wiki/Sebastian_Mernild,1972,,
1399,Sigmund Messel,Messel,,,,,,,
848,Karl Meusburger,Meusburger,,,,,,,
1541,Luis Miguel,Miguel,,,,,,,
1537,Maynard M. Miller,Miller,,,,https://juneauicefield.org/blog/2014/2/5/maynard-m-miller-1921-2014,1921,2014,
852,Raffaella Miravalle,Miravalle,,,,,,,
854,Marco Moccagatta,Moccagatta,,,,,,,
855,Viggo Moe,Moe,,,,,,,
1510,Bruce F. Molnia,Molnia,,,,,,,
1598,Gianmarco Mondati,Mondati,,,,,,,
859,Mario Monfredini,Monfredini,,,,,,,
860,Willy Monterin,Monterin,,,,,1925,2015,
861,Guido Montesani,Montesani,,,,,,,
862,Andrea Monti,Monti,,,,,,,
1433,Manuel Montini,Montini,,,,,,,
863,Valeria Montis,Montis,,,,,,,
864,Pradeep Kumar Mool,Mool,,,,,,,
865,Sieghard Morawetz,Morawetz,,,,,,,
866,Luc Moreau,Moreau,,,,,,,
867,Gianni Moreschi,Moreschi,,,,,,,
868,Alberto Morino,Morino,,,,,,,
869,Umberto Morra di Cella,Morra di Cella,,,0000-0003-4250-9705,,,,
870,Felix Morsdorf,Morsdorf,,,0000-0001-6713-1599,,,,
871,Giovanni Mortara,Mortara,,,,,,,
872,Giampaolo Mosca,Mosca,,,,,,,
874,Giovanni Mosconi,Mosconi,,,,,,,
875,Roman Moser,Moser,,,,,,,
876,H. Mothes,Mothes,,,,,,,
877,Luigi Motta,Motta,,,,,,,
878,Michele Motta,Motta,,,,,,,
879,Roman J. Motyka,Motyka,,,,,,,
1413,Mu Jianxin,Mu,牟建新,,,http://www.tgs.ac.cn/mobile/archives/show/19072311257102.html,,,
1449,Kriti Mukherjee,Mukherjee,,,0000-0002-2290-2676,,,,
881,Fritz B. Müller,Müller,,,,,,,
1507,Müller,Müller,,,,,,,"Known only to be a man (Herr) working at the Abteilung Naturgefahren in Interlaken, Switzerland"
882,Michela Munari,Munari,,,,,,,
884,Alfonso Muñoz,Muñoz,,,,,,,
885,Ya. D. Muravyov,Muravyov,Ярослав Дмитриевич Муравьев,,,,,,
1435,Timur Talgatovich Musaev,Musaev,Тимур Талгатович Мусаев,Timur Musaev,,https://www.caiag.kg/ky/b-l-md-r/2-b-l-m-klimat-suu-zhana-zharatylysh-resurstary-b-l-m/kyzmatkerler/458-musaev-timur-talgatovich-2,,,
886,T. Musaevs,Musaevs,,,,,,,
887,Georg Mutschlechner,Mutschlechner,,,,,,,
1554,Maria Nagostinis,Nagostinis,,,,,,,
1589,Alessandro Nardon,Nardon,,,,,,,
1474,Cristian Nardon,Nardon,,,,,,,
889,A. Naringbauer,Naringbauer,,,,,,,
890,Yu. K. Narozhniy,Narozhniy,,,,,,,
892,Alice Naudin,Naudin,,,,,,,
893,Francisco Navarro,Navarro,,,,,,,
1488,Hofiz Navruzshoev,Navruzshoev,,,0000-0002-5108-9039,,,,
1441,Santosh Nepal,Nepal,,,0000-0002-7415-2299,,,,
895,Gionata Neri,Neri,,,,,,,
898,Kjell-Harald Nesengmo,Nesengmo,,,,,,,
897,Atle Nesje,Nesje,,,0000-0001-8508-5805,,,,
900,Anton Neureiter,Neureiter,,,0000-0003-0745-0410,,,,
901,T. Neureiter,Neureiter,,,,,,,
1555,Romano Nicolini,Nicolini,,,,,,,
902,Martino Nicolino,Nicolino,,,,,,,
904,Stefano Nicolussi,Nicolussi,,,,,,,
905,Spencer Niebuhr,Niebuhr,,,0000-0003-4892-8003,,,,
907,Stefan Nigg,Nigg,,,,,,,
908,Guido Nigrelli,Nigrelli,,,0000-0002-5506-5915,,,,
910,Stanislav A. Nikitin,Nikitin,Станислав А. Никитин,,,,,,
911,Carina Nilsen,Nilsen,,,,,,,
912,Jerzy Nitychoruk,Nitychoruk,,,,,,,
1451,Yina Paola Nocua Ruge,Nocua Ruge,,Yina Nocua,,,,,
913,Bernd Noggler,Noggler,,,,,,,
914,Alv Norheim,Norheim,,Alv Nordheim,,,,,
915,Gennady Andreevich Nosenko,Nosenko,Геннадий Андреевич Носенко,Gennady Nosenko,,http://igras.ru/staff/100,,,
916,F. B. Notestein,Notestein,,,,,,,
918,V. L. Novello,Novello,,,,,,,
1614,Iurii Novomlintsev,Novomlintsev,,Yuri Novomlintsev,,,,,
919,Samuel Nussbaumer,Nussbaumer,,,,,,,
920,Sepp Nussbaumer,Nussbaumer,,,,,,,
1403,Renata Nyfeler,Nyfeler,,,,,,,
922,Charles Nyheim,Nyheim,,,,,,,
923,Mart Nyman,Nyman,,,,,,,
924,D. Nývlt,Nývlt,,,,,,,
927,Christoph Oberschmied,Oberschmied,,,,,,,
928,Louis Oberwalder,Oberwalder,,,,,,,
1604,Pierre Yves Oddone,Oddone,,,,,,,
929,Björn Oddsson,Oddsson,,,,,,,
931,Daniel Oertig,Oertig,,,,,,,
1565,Christophe Ogier,Ogier,,,,,,,
933,Toralf Øiene,Øiene,,,,,,,
934,Marc Olefs,Olefs,,,,,,,
935,Hans Christian Olsen,Olsen,,,,,,,
1487,Salamat Omurbekov,Omurbekov,,,,,,,
925,Shad O'Neel,O'Neel,,,0000-0002-9185-0144,,,,
1608,Valerio Orazi,Orazi,,,,,,,
937,Matteo Oreggioni,Oreggioni,,,,,,,
938,Olav Orheim,Orheim,,,,,,,
940,Mattia Ortelli,Ortelli,,,,,,,
941,Galina B. Osipova,Osipova,,,,,,,
942,Azamat Osmonov,Osmonov,,,,,,,
943,Alejandro Ospina,Ospina,,,,,,,
944,Raffaella Ossola,Ossola,,,,,,,
945,I. Owens,Owens,,,,,,,
946,Peter Annaeus Øyen,Øyen,,,,,1863,1932,
947,Bodil Øyre,Øyre,,,,,,,
948,Hans Pacher,Pacher,,,,,,,
949,Paolo Pagliardi,Pagliardi,,,,,,,
950,Elena Paini,Paini,,,,,,,
951,Massimo Pala,Pala,,,,,,,
952,P. Pálka,Pálka,,,,,,,
953,Mauro Palomba,Palomba,,,,,,,
954,Bergur Pálsson,Pálsson,,,,,,,
955,Finnur Pálsson,Pálsson,,,0000-0002-0874-6443,,,,
956,Hlynur Skagfjörð Pálsson,Pálsson,,,,,,,
957,Pan Baotian,Pan,潘保田,,,,,,
1600,Matteo Panaccio,Panaccio,,,,,,,
958,Valerio Paneri,Paneri,,,,,,,
959,V. D. Panov,Panov,,,,,,,
960,Charles Papasodoro,Papasodoro,,,,,,,
1616,Francesco Parizia,Parizia,,,,https://www.disafa.unito.it/persone/francesco.parizia,,,
962,Herbert Paschinger,Paschinger,,,,,,,
963,Viktor Paschinger,Paschinger,,,,,,,
964,Lino Pastori,Pastori,,,,,,,
965,Gernot Patzelt,Patzelt,,,,,,,
966,Ilse Patzelt,Patzelt,,,,,,,
967,Frank Paul,Paul,,,,,,,
970,Massimo Pecci,Pecci,,,,,,,
971,Mattia Pecci,Pecci,,,0000-0002-0360-6572,,,,
972,Alfonso Pedrero,Pedrero,,,,,,,
1467,Federico Pedrotti,Pedrotti,,,,,,,
974,Luciano Peer,Peer,,,,,,,
1535,Erich Peitzsch,Peitzsch,,,0000-0001-7624-0455,https://www.usgs.gov/staff-profiles/erich-peitzsch,,,
975,Roberto Peja,Peja,,,,,,,
976,Ben Pelto,Pelto,,,0000-0002-3488-3599,,,,
977,Mauri Pelto,Pelto,,,0000-0002-9498-9125,,,,
978,Penck,Penck,,,,,,,
979,Alberto Peracino,Peracino,,,,,,,
980,Federico Peretti,Peretti,,,,,,,
1622,Tomás Perez,Perez,,,,,,,
981,Ivan Peri,Peri,,,,,,,
982,Giuseppe Perini,Perini,,,,,,,
983,Roberto Permunian,Permunian,,,,,,,
984,Stefano Perona,Perona,,,,,,,
985,Giuseppe Perotti,Perotti,,,,,,,
1617,Luigi Perotti,Perotti,,,,https://www.disafa.unito.it/persone/luigi.perotti,,,
1590,Alessandro Perron,Perron,,,,,,,
986,Edouard Perroy,Perroy,,,,,,,
987,Dave Petley,Petley,,,,,,,
988,Michal Petlicki,Petlicki,,,0000-0003-3383-2586,,,,
989,Dmitry Alexandrovich Petrakov,Petrakov,Дмитрий Александрович Петраков,Dmitry Petrakov,0000-0002-0990-495X,https://www.geogr.msu.ru/structure/departments/crio/staff/petrakov-dmitriy-aleksandrovich/?sphrase_id=7440,,,
1494,Maxim Petrov,Petrov,,,,,,,
990,Rickard Pettersson,Pettersson,,,0000-0002-6961-0128,,,,
1406,Nadine Philippi,Philippi,,,,,,,
993,Paolo Piccini,Piccini,,,,,,,
994,Tino Pieczonka,Pieczonka,,,0000-0001-9956-222X,,,,
995,Alberto Piffer,Piffer,,,,,,,
996,Stefano Pignotti,Pignotti,,,,,,,
997,Luca Pironi,Pironi,,,,,,,
998,Pierre Pitte,Pitte,,,0000-0001-5625-8287,,,,
999,Martin Planzer,Planzer,,,,,,,
1407,Michael Planzer,Planzer,,,,,,,
1408,René Planzer,Planzer,,,,,,,
1410,Matthias Plörer,Plörer,,,,,,,
1001,J. Poboril,Poboril,,,,,,,
1002,Paolo Pogliotti,Pogliotti,,,0009-0002-3196-0787,,,,
1003,Veijo Pohjola,Pohjola,,,0000-0001-6851-1673,,,,
1004,Bijay Kumar Pokhrel,Pokhrel,,,,,,,
1005,Angelo Polato,Polato,,,,,,,
1006,Fabrizio Pollicini,Pollicini,,,,,,,
1007,Alfredo Pollini,Pollini,,,,,,,
1594,Antonio Polloni,Polloni,,,,,,,
1010,Victor Vladimirovich Popovnin,Popovnin,Виктор Владимирович Поповнин,Victor Popovnin,0000-0002-6211-6637,https://www.geogr.msu.ru/structure/departments/crio/staff/popovnin-viktor-vladimirovich/?sphrase_id=7441,,,
1011,Roberto Porta,Porta,,,,,,,
1013,Frédéric Pralong,Pralong,,,,,,,
1427,Giovanni Prandi,Prandi,,,,,,,
1014,Bhanu Pratap,Pratap,,,0000-0001-9454-7274,,,,
1016,Tito Princisvalle,Princisvalle,,,,,,,
1017,Rainer Prinz,Prinz,,,0000-0003-4032-773X,,,,
1018,Joar Probert,Probert,,,,,,,
1019,Andrea Proh,Proh,,,,,,,
1021,Ernst Prutzer,Prutzer,,,,,,,
1022,Dariusz Puczko,Puczko,,,,,,,
1480,Patricio Puga,Puga,,,,,,,
1523,Carla Puigdomenech,Puigdomenech,,,,,,,
1023,Heather Purdie,Purdie,,,0000-0002-2723-6908,,,,
1025,Randi Pytte,Pytte,,,,,,,
1027,Jorge Quinteros,Quinteros,,,,,,,
1028,Antoine Rabatel,Rabatel,,,0000-0002-5304-1055,https://www.ige-grenoble.fr/-Rabatel-Antoine-,,,
1032,Alagappan Ramanathan,Ramanathan,,,,,,,
201,Jair Ramírez Cadena,Ramírez Cadena,,,,,,,
1485,Diego Ramos,Ramos,,,,,,,
1034,A. Ramp,Ramp,,,,,,,
1035,Raffaele Rampazzo,Rampazzo,,,,,,,
1431,Edoardo Raparelli,Raparelli,,,,,,,
1038,Philipp Rastner,Rastner,,,0000-0002-6761-2672,,,,
1444,Ghulam Rasul,Rasul,,,,,,,
1039,Stefano Ratti,Ratti,,,,,,,
1041,Xavier Ravanat,Ravanat,,,,,,,
1546,Todd Redpath,Redpath,,,0000-0001-9322-0245,,,,
1044,Augusto Regazzoni,Regazzoni,,,,,,,
1045,Klaus Reingruber,Reingruber,,,,,,,
1047,Stefan Reisenhofer,Reisenhofer,,,,,,,
1048,H. Reishauer,Reishauer,,,,,,,
1049,John Bernhard Rekstad,Rekstad,,,,,,,
1050,Pierre René,René,,,,,,,
1051,Giorgio Renz,Renz,,,,,,,
1557,Filippo Repisti,Repisti,,,,,,,
1052,Louis Reynaud,Reynaud,,,,,,,
1054,Sven Rune Riber,Riber,,,,,,,
1519,Justin Rich,Rich,,,,,,,
1055,Didier Richard,Richard,,,,,,,
1057,A. Richter,Richter,,,,,,,
1058,Eduard Richter,Richter,,,,,,,
1059,Vidar Rieber,Rieber,,,,,,,
1060,Jon Riedel,Riedel,,,0000-0002-2017-5129,,,,
1061,Bernard Riedi,Riedi,,,,,,,
1062,Helmut Riedl,Riedl,,,,,,,
1063,Lorenzo Rieg,Rieg,,,,,,,
1527,Andreaw Rifo,Rifo,,,,,,,
1064,Fabrizio Righetti,Righetti,,,,,,,
1065,Alessio Rinaldini,Rinaldini,,,,,,,
1068,Andrés Rivera,Rivera,,,0000-0002-2779-4192,,,,
1070,Paolo Rocca,Rocca,,,,,,,
1071,José Luis Rodríguez,Rodríguez,,,,,,,
1072,Franco Rogliardo,Rogliardo,,,,,,,
1073,Daniel Rohrer,Rohrer,,,,,,,
1074,Francisco Rojas,Rojas,,,,,,,
1075,Erik Roland,Roland,,,,,,,
1483,Shakil Ahmad Romshoo,Romshoo,,,,http://geoinformatics.uok.edu.in/Main/ProfilePage.aspx?Profile=P1176,,,
1078,Magne Johan Rørvik,Rørvik,,,,,,,
1079,Silvano Rosa,Rosa,,,,,,,
1080,Roberta Rosan,Rosan,,,,,,,
1421,Roberto Rosan,Rosan,,,,,,,
1081,Maria Cristina Rosazza Gat,Rosazza Gat,,,,,,,
1623,Emanuele Rosetto,Rosetto,,,,,,,
1083,Gunhild Rosqvist,Rosqvist,,,0000-0002-9195-607X,,,,
1084,Neil Ross,Ross,,,,,,,
1085,Giancarlo Rossi,Rossi,,,,,,,
1086,Sabina Rossi,Rossi,,,,,,,
1087,Luciano Rosso,Rosso,,,,,,,
1088,Alberto Rossotto,Rossotto,,,,,,,
1089,Francesco Rota Nodari,Rota Nodari,,,,,,,
1517,Christine Rothenbühler,Rothenbühler,,,,,,,
1508,Hans Röthlisberger,Röthlisberger,,,,https://en.wikipedia.org/wiki/Hans_R%C3%B6thlisberger,1923,2009,
1090,Oxana V. Rototayeva,Rototayeva,,,,,,,
1092,Fabrizio Rovedo,Rovedo,,,,,,,
1093,Peter Rovina,Rovina,,,,,,,
1094,Andrew Ruddell,Ruddell,,,,,,,
1095,Ernst Rudel,Rudel,,,,,,,
1096,Christoph Rüedlinger,Rüedlinger,,,,,,,
1097,Michele Ruffoni,Ruffoni,,,,,,,
1098,Lucas Ruiz,Ruiz,,,,,,,
1099,Livio Ruvo,Ruvo,,,,,,,
1102,Vittorio Saccoletto,Saccoletto,,,,,,,
1103,Giovanni Saccon,Saccon,,,,,,,
1104,Abeer Ahmad Sajood,Sajood,,,,,,,
1396,Akiko Sakai,Sakai,,,0000-0002-6320-6212,,,,
1105,Sakakibara Daiki,Sakakibara,榊原 大貴,,,,,,
1106,Tomas Saks,Saks,,,,,,,
1107,Andrea Saltriti,Saltriti,,,,,,,
1108,Rosamaria Salvatori,Salvatori,,,0000-0002-0430-0751,,,,
1109,Andrea Salvetti,Salvetti,,,,,,,
1110,Nadine Salzmann,Salzmann,,,0000-0001-5876-7624,https://www.slf.ch/de/mitarbeitende/salzmann/,,,
1112,Ruggero Sampieri,Sampieri,,,,,,,
1113,Norman Sandberg,Sandberg,,,,,,,
1114,Walter Sander,Sander,,,,,,,
1572,Paul Sandoval,Sandoval,,,,,,,
1115,Chandrashekhar V. Sangewar,Sangewar,,,,,,,
1520,Nelson Santillán,Santillán,,,,,,,
1466,Massimo Santoni,Santoni,,,,,,,
1117,Guido Sartori,Sartori,,,,,,,
1119,Louis Sass,Sass,,,0000-0003-4677-029X,,,,
1524,Sagynbek Suranchievich Satarov,Satarov,Сагынбек Суранчиевич Сатаров,Sagynbek Satarov,,https://www.caiag.kg/ky/b-l-md-r/2-b-l-m-klimat-suu-zhana-zharatylysh-resurstary-b-l-m/kyzmatkerler/456-satarov-sagynbek-suranchievich-2,,,
1120,Rysbek Satylkanov,Satylkanov,,,,,,,
1121,Lucrezia Savin,Savin,,,,,,,
1122,Daniyar Sayakpayev,Sayakpayev,,,,,,,
1123,Andrea Scaltriti,Scaltriti,,,,,,,
1124,Marius Schaefer,Schaefer,,,0000-0002-7508-8786,,,,
1127,Ralf Schai,Schai,,,,,,,
1128,Marina Schaller,Schaller,,,,,,,
1129,Heinrich Schatz,Schatz,,,,,,,
1130,Martin Schenk,Schenk,,,,,,,
1131,Peter Schießling,Schießling,,,,,,,
1136,Martin Schmidhalter,Schmidhalter,,,,,,,
1138,Christoph Schneider,Schneider,,,,,,,
1509,Demian Schneider,Schneider,,,,,,,
1139,Heralt Schneider,Schneider,,,,,,,
1140,M. Schnirch,Schnirch,,,,,,,
1142,Franz Schöffmann,Schöffmann,,,,,,,
1143,Wolfgang Schöner,Schöner,,,0000-0001-6546-0639,,,,
1145,Adalbert Schöpf,Schöpf,,,,,,,
1144,Rudolf Schöpf,Schöpf,,,,,,,
1148,Harald Schüller,Schüller,,,,,,,
1150,R. Schwarz,Schwarz,,,,,,,
1153,Riccardo Scotti,Scotti,,,,,,,
1154,José Luis Seco,Seco,,,,,,,
1155,Thorsten Seehaus,Seehaus,,,0000-0001-5055-8959,,,,
1478,Alexis Segovia,Segovia,,,,,,,
1157,Bernd Seiser,Seiser,,,0000-0002-2943-5273,,,,
1158,Gabriel Seitlinger,Seitlinger,,,,,,,
1160,Hans Senn,Senn,,,,,,,
1161,Roberto Seppi,Seppi,,,,,,,
1162,Rossana Serandrei Barbero,Serandrei Barbero,,,,,,,
1621,Mohidil Shamsiyeva,Shamsiyeva,,,,,,,
1166,Parmanand Sharma,Sharma,,,0000-0002-7398-0308,,,,
1168,Vladimir Shatravin,Shatravin,,,,,,,
1563,Brenda Shepherd,Shepherd,,,,,,,
1609,Nazrialo Sherali Sheralizoda,Sheralizoda,Назриало Шерали Шерализода,Nazrialo Sheralizoda | Назриало Шералӣ Шерализода,,,,,
1550,Tenzing Chogyal Sherpa,Sherpa,,,0000-0003-4512-2194,https://www.icimod.org/team/tenzing-chogyal-sherpa/,,,
1439,Arun Bhakta Shrestha,Shrestha,,,0000-0002-1757-6589,,,,
1610,Dibas Shrestha,Shrestha,,,,,,,
1442,Mandira Singh Shrestha,Shrestha,,,0000-0003-0204-7497,,,,
1445,Maxim Shrestha,Shrestha,,,,,,,
1171,Jean-Emmanuel Sicart,Sicart,,,,,,,
1172,Einar Ragnar Sigurðsson,Sigurðsson,,,,,,,
1173,Oddur Sigurðsson,Sigurðsson,,,,,,,
1174,Smári Sigurðsson,Sigurðsson,,,,,,,
1176,Roberto Sinibaldi,Sinibaldi,,,,,,,
1177,Pascal Sirguey,Sirguey,,,0000-0003-2612-8347,https://www.otago.ac.nz/surveying/staff/associate-professor-pascal-sirguey,,,
1178,Delphine Six,Six,,,0000-0001-7699-9568,,,,
1417,Hjördís Skírnisdóttir,Skírnisdóttir,,,,,,,
1179,David Skirnisson,Skirnisson,,,,,,,
1180,Bragi Skúlason,Skúlason,,,,,,,
1181,Pedro Skvarca,Skvarca,,,,,,,
1182,Heinz Slupetzky,Slupetzky,,,,,,,
1183,Werner Slupetzky,Slupetzky,,,,,,,
1184,Claudio Smiraglia,Smiraglia,,,,,,,
1186,Andrey Smirnov,Smirnov,,,,,,,
1189,Trygve Snøtun,Snøtun,,,,,,,
1190,Ireneusz Sobota,Sobota,,,0000-0001-5983-7049,,,,
1453,Natalie Soder,Soder,,,,,,,
1191,Ásgeir Sólbergsson,Sólbergsson,,,,,,,
1192,Johann Sölch,Sölch,,,,,,,
1193,Leo Sold,Sold,,,0000-0002-5046-9144,,,,
1194,Mattia Soldati,Soldati,,,,,,,
1195,Andrew Sole,Sole,,,,,,,
1197,Per Solnes,Solnes,,,,,,,
1199,Jørn-Kåre Sommerseth,Sommerseth,,,,,,,
1200,K. Sonklar,Sonklar,,,,,,,
1201,Alvaro Soruco,Soruco,,,0009-0008-2380-8148,,,,
1412,Valentino Sosio,Sosio,,,,,,,
1202,Norbert Span,Span,,,,,,,
1460,Pier Paolo Speri,Speri,,Pierpaolo Speri,,,,,
1203,Claudia Springer,Springer,,,,,,,
1205,Emil Squinobal,Squinobal,,,,,,,
1206,Robert Srbik,Srbik,,,,,,,
1454,Karl Stefánsson,Stefánsson,,,,,,,
1209,Urs Steinegger,Steinegger,,,,,,,
1438,Jakob Friedrich Steiner,Steiner,,,0000-0002-0063-0067,https://fidelsteiner.github.io/,,,
1211,Giuseppe Stella,Stella,,,,,,,
1213,Martin Stocker-Waldhuber,Stocker-Waldhuber,,,0000-0002-1592-8173,,,,
1214,D. R. Stoddart,Stoddart,,,,,,,
1215,Pascal Stoebener,Stoebener,,,,,,,
1216,Robert Storrar,Storrar,,,,,,,
1217,Rudolf Straub,Straub,,,,,,,
1218,Jorge A. Strelin,Strelin,,,,,,,
1219,Markus Strudl,Strudl,,,,,,,
1220,Dorothea Stumm,Stumm,,,0000-0002-5966-6080,,,,
1577,Sugiyama Shin,Sugiyama,杉山 慎,,0000-0001-5323-9558,https://researchmap.jp/shin_sugiyama,,,
1222,S. Sundal,Sundal,,,,,,,
1223,A. Sunndal,Sunndal,,,,,,,
1225,Hans L. Svartis,Svartis,,,,,,,
1226,Andrea Tamburini,Tamburini,,,,,,,
1543,Wendell Tangborn,Tangborn,,,,https://en.wikipedia.org/wiki/Wendell_Tangborn,1927,2020,
1228,L. N. Tarasova,Tarasova,,,,,,,
1229,Gino Taufer,Taufer,,,,,,,
1231,Marco Tesoro,Tesoro,,,,,,,
1232,Bruno Teti,Teti,,,,,,,
1233,Bernardo Teufen,Teufen,,,,,,,
1234,Herbert Thalhammer,Thalhammer,,,,,,,
1236,Christian Theler,Theler,,,,,,,
1237,Theodór Theodórsson,Theodórsson,,,,,,,
1239,Emmanuel Thibert,Thibert,,,,,,,
1241,Laura Thomson,Thomson,,,0000-0003-4753-7924,,,,
1242,Bragi Thorarinsson,Thorarinsson,,,,,,,
1243,Douglas E. Thost,Thost,,,,,,,
1244,Jean-Claude Thouret,Thouret,,,,,,,
1245,Levan G. Tielidze,Tielidze,,Levan Tielidze,,,,,
1246,Antonio Todaro,Todaro,,,,,,,
1247,Andrea Toffaletti,Toffaletti,,,,,,,
1249,Giovanni Toffol,Toffol,,,,,,,
1463,Gianluca Tognoni,Tognoni,,,,,,,
1251,Florian Tolle,Tolle,,,0000-0003-2144-3305,,,,
1252,Hanns Tollner,Tollner,,,,,,,
1253,Ole Magnus Tønsberg,Tønsberg,,,,,,,
1254,Matteo Toro,Toro,,,,,,,
1255,Lucas Torres,Torres,,,,,,,
1256,Paolo Tosi,Tosi,,,,,,,
1258,Dennis Trabant,Trabant,,,,,,,
1259,Elisabetta Travaglia,Travaglia,,,,,,,
1260,Sébastien Tremp,Tremp,,,,,,,
1261,Alberto Trenti,Trenti,,,,,,,
1263,Emiliana Triglia,Triglia,,,,,,,
1265,Maurizio Tron,Tron,,,,,,,
1266,Martin Truffer,Truffer,,,0000-0001-8251-7043,,,,
1267,Barbara L. Trüssel,Trüssel,,,,,,,
1268,Duba Tshering,Tshering,,,,,,,
1269,Phuntsho Tshering,Tshering,,,,,,,
1270,Tashi Tshering,Tshering,,,,,,,
1271,Namgay Tsheten,Tsheten,,,,,,,
1272,D. G. Tsvetkov,Tsvetkov,,,,,,,
1429,Paolo Tuccella,Tuccella,,,,,,,
1398,Arve M. Tvede,Tvede,,Arve Tvede,,,,,
1273,Fiona S. Tweed,Tweed,,,,,,,
1491,Gulomjon Umirzakov,Umirzakov,,,0000-0002-5473-9842,,,,
1274,Rainer Unger,Unger,,,,,,,
1276,Massimo Urso,Urso,,,,,,,
1278,Ryskul Usubaliev,Usubaliev,Рыскул Абдыжакыпович Усубалиев,,,https://www.caiag.kg/ky/b-l-md-r/2-b-l-m-klimat-suu-zhana-zharatylysh-resurstary-b-l-m/kyzmatkerler/368-dr-usubaliev-ryskul-abdyzhakypovich,,,
1279,Zarylbek uulu Rakmatilla,uulu Rakmatilla,,,,,,,
1280,P. Váczi,Váczi,,,,,,,
1281,Enrico Valcanover,Valcanover,,,,,,,
1282,Roberto Valcanover,Valcanover,,,,,,,
1283,Claudio Valeggia,Valeggia,,,,,,,
1461,Mario Valentini,Valentini,,,,,,,
1424,Daniele Valfrè,Valfrè,,,,,,,
1284,Paolo Valisa,Valisa,,,,,,,
1285,François Valla,Valla,,,,,,,
1286,Rudy Vallet,Vallet,,,,,,,
1287,Valter Vallet,Vallet,,,,,,,
1288,Michel Vallon,Vallon,,,,,,,
1289,Thomas van der Hammen,van der Hammen,,,,,,,
1291,Ward van Pelt,van Pelt,,,0000-0003-4839-7900,,,,
1566,Lander van Tricht,van Tricht,,,,,,,
1531,Juan Varas,Varas,,,,,,,
1293,Lauren Vargo,Vargo,,,0000-0001-7037-0451,,,,
1294,Mauro Varotto,Varotto,,,,,,,
1296,Lisbeth Vedaa,Vedaa,,,,,,,
1297,Giuseppina Vergnano,Vergnano,,,,,,,
1298,Salvatore Versaci,Versaci,,,,,,,
1299,Cristina Viani,Viani,,,,,,,
1300,Leopold Vietoris,Vietoris,,,,,,,
1301,Saurabh Vijay,Vijay,,,0000-0002-8970-9213,,,,
1302,Fabio Villa,Villa,,,,,,,
1303,Veronica Villa,Villa,,,,,,,
1305,Svenn Villmones,Villmones,,,,,,,
1306,Christian Vincent,Vincent,,,,,,,
1307,Alessandro Viotti,Viotti,,,,,,,
1310,Knut Vole,Vole,,,,,,,
1311,Ole Vole,Vole,,,,,,,
1312,Cristina Voltolini,Voltolini,,,,,,,
1313,Luisa von Albedyll,von Albedyll,,,0000-0002-6768-0368,,,,
1314,Christian von Grünigen,von Grünigen,,,,,,,
1316,Sergiy Vorogushyn,Vorogushyn,,,0000-0003-4639-7982,,,,
1503,Firdavs Vosidov,Vosidov,,,,,,,
1317,François Vouillamoz,Vouillamoz,,,,,,,
1321,Patrick Wagnon,Wagnon,,,,,,,
1322,Herwig Wakonigg,Wakonigg,,,,,,,
1323,Jürg Walcher,Walcher,,,,,,,
1324,Alberto Walter,Walter,,,,,,,
1325,Stefan Walther,Walther,,,,,,,
245,Wang Chunzu,Wang,王纯足,,,,,,
1328,Wang Jie,Wang,王杰,,,,,,
1326,Wang Puyu,Wang,王璞玉,,,https://people.ucas.edu.cn/~wangpuyu,,,
1327,Wang Wenbin,Wang,王文彬,,,,,,
1329,Namgay Wangchuk,Wangchuk,,,,,,,
1330,Roland Wannenmacher,Wannenmacher,,,,,,,
1333,Michael Weichinger,Weichinger,,,,,,,
1549,Ethan Welty,Welty,,,0000-0001-8046-2210,https://www.geo.uzh.ch/en/department/Staff/ethanwelty.html,1986,,
1336,Wen Zhenling,Wen,温振玲,,,,,,
1337,Werner Werenskiold,Werenskiold,,,,,,,
1338,Gernot Weyss,Weyss,,,,,,,
1339,Roger Wheate,Wheate,,,,,,,
1340,Erin N. Whorton,Whorton,,,0000-0002-1395-3084,,,,
1342,Hans Wiesenegger,Wiesenegger,,,,,,,
1343,E. Wieser,Wieser,,,,,,,
1619,Thomas Windisch,Windisch,,,,,,,
1347,Stefan Winkler,Winkler,,,,,,,
1348,Solveig Havstad Winsvold,Winsvold,,,,https://www.nve.no/vann-og-vassdrag/vannets-kretsloep/vaare-forskere/solveig-havstad-winsvold/,,,
1349,Andreas Wipf,Wipf,,,,,,,
1350,Andrzej Wiśliński,Wiśliński,,,,,,,
1351,Michał Wiśliński,Wiśliński,,,,,,,
1353,Ueli Wittdorf,Wittdorf,,,,,,,
1354,B. Wold,Wold,,,,,,,
1355,Hans Wolf,Wolf,,,,,,,
1357,Wu Guangjian,Wu,邬光剑,,,,,,
1568,Roland Wüthrich,Wüthrich,,,,,,,
1360,Xu Baiqing,Xu,徐柏青,,0000-0003-0901-3863,,,,
1359,Xu Chunhai,Xu,徐春海,,0000-0002-4803-1995,https://people.ucas.ac.cn/~xuchunhai,,,
1361,Andrey Yakovlev,Yakovlev,,,,,,,
1362,Yamada Tomomi,Yamada,山田 知充,,,https://researchmap.jp/read0166843,,,
590,Yang Huian,Yang,杨惠安,,,,,,
1365,Yang Song,Yang,杨松,,,,,,
1364,Yang Wei,Yang,杨威,,,http://www.itpcas.ac.cn/sourcedb_itpcas_cas/cn/expert/201209/t20120906_3639377.html,,,
1367,Jakob Yde,Yde,,,,,,,
1504,Gordon J. Young,Young,,,,,,,
1370,Bernhard Zagel,Zagel,,,,,,,
1371,Laura Zalazar,Zalazar,,,0000-0002-0440-4745,,,,
1373,Mattia Zanella,Zanella,,,,,,,
1374,Dorella Zangrando,Zangrando,,,,,,,
1375,Giacomo Zanolin,Zanolin,,,,,,,
1376,Giorgio Zanon,Zanon,,,,,,,
1377,Thomas Zanoner,Zanoner,,,,,,,
1378,Marco Zapata,Zapata,,,,,,,
1380,Michael Zemp,Zemp,,,0000-0003-2391-7877,,,,
1381,Tiziana Lazzarina Zendrini,Zendrini,,Tiziana Zendrini,,,,,
1450,Bakyt Zhakeyev,Zhakeyev,,,,,,,
1383,Zhou Zaiming,Zhou,周在明,,,,,,
1385,Ye. A. Zolotaryov,Zolotaryov,,,,,,,
1386,Wojciech Zuchowski,Zuchowski,,,,,,,
1388,Rudolf Zumstein,Zumstein,,,,,,,
1389,Ruedi Zweifel,Zweifel,,,,,,,
1390,Albert Þorbergsson,Þorbergsson,,,,,,,
1391,Jóhanna Katrín Þórhallsdóttir,Þórhallsdóttir,,,,,,,
1392,Steinn Þórhallsson,Þórhallsson,,,,,,,
1393,Svava Björk Þorláksdóttir,Þorláksdóttir,,,,,,,
1394,Daniel Þorláksson,Þorláksson,,,,,,,
1395,Þorsteinn Þorsteinsson,Þorsteinsson,,Thorsteinn Thorsteinsson,,,,,
1553,Ragnar Heiðar Þrastarson,Þrastarson,,,,https://en.vedur.is/about-imo/employees/persona/241/fyrirtaeki/2,,,
